INSERT INTO banners (id, title, image, description, badge, created_at, updated_at)
        VALUES ('2b4f4ac0-ce42-45a9-a66a-25c3fd1b8dff', 'Trade around wall.', 'https://picsum.photos/330/113', 'Meet some risk big tonight attention model certain interview high cultural cover.', 'Environmental', '2025-02-12T06:49:44.871481', '2025-02-12T06:49:44.871624');
INSERT INTO banners (id, title, image, description, badge, created_at, updated_at)
        VALUES ('cce29b84-6c7f-4b65-9911-97736b360106', 'Unit foot.', 'https://placekitten.com/877/74', 'Authority no continue former visit public whom lose put reveal help.', 'Dream', '2025-02-12T06:49:44.871718', '2025-02-12T06:49:44.871721');
INSERT INTO banners (id, title, image, description, badge, created_at, updated_at)
        VALUES ('abe51ed3-0ed1-4c8e-96f4-521929c5eae5', 'Study you part.', 'https://picsum.photos/813/213', 'Question parent often top large prevent.', 'Suddenly', '2025-02-12T06:49:44.871765', '2025-02-12T06:49:44.871767');
INSERT INTO banners (id, title, image, description, badge, created_at, updated_at)
        VALUES ('93f17dea-d589-43d1-ba40-267b94b4537f', 'Follow boy upon true.', 'https://picsum.photos/1015/592', 'Morning speak five or whose student present.', 'Base', '2025-02-12T06:49:44.871805', '2025-02-12T06:49:44.871807');
INSERT INTO banners (id, title, image, description, badge, created_at, updated_at)
        VALUES ('8b6fefd4-b500-4ef9-90cd-234083873353', 'Half modern opportunity.', 'https://dummyimage.com/829x756', 'Far middle leader smile mission surface anything team.', 'If', '2025-02-12T06:49:44.871875', '2025-02-12T06:49:44.871882');
INSERT INTO banners (id, title, image, description, badge, created_at, updated_at)
        VALUES ('f4715654-bf8f-4002-a072-b3ccd5db69c8', 'Fear expect.', 'https://dummyimage.com/184x572', 'Often your follow economic movie finish dark though summer now.', 'Almost', '2025-02-12T06:49:44.871959', '2025-02-12T06:49:44.871961');
INSERT INTO banners (id, title, image, description, badge, created_at, updated_at)
        VALUES ('bac39000-75f7-49dc-aac8-5c14ad093abb', 'Environment stage.', 'https://placekitten.com/842/674', 'Call response young century avoid lose above add easy.', 'Huge', '2025-02-12T06:49:44.872001', '2025-02-12T06:49:44.872002');
INSERT INTO banners (id, title, image, description, badge, created_at, updated_at)
        VALUES ('aec902e6-9a59-4fb8-af98-8b457289b89b', 'Cost play past.', 'https://placekitten.com/929/1001', 'Name dog usually large he financial attack place administration.', 'Artist', '2025-02-12T06:49:44.872036', '2025-02-12T06:49:44.872038');
INSERT INTO banners (id, title, image, description, badge, created_at, updated_at)
        VALUES ('e84296bc-f457-4027-97ad-a773d31a107b', 'Charge administration.', 'https://placekitten.com/389/627', 'Seem event well watch thought open research travel.', 'Name', '2025-02-12T06:49:44.872071', '2025-02-12T06:49:44.872073');
INSERT INTO banners (id, title, image, description, badge, created_at, updated_at)
        VALUES ('1aba2d4b-fc5d-4acf-bf3c-0e692e2aee9e', 'Town century.', 'https://placekitten.com/781/310', 'Growth nature data inside success store response surface red inside quality.', 'Must', '2025-02-12T06:49:44.872105', '2025-02-12T06:49:44.872106');
INSERT INTO banners (id, title, image, description, badge, created_at, updated_at)
        VALUES ('f3ebb3d4-aabc-47ff-956d-a0e233c3cfb2', 'Firm thing record.', 'https://dummyimage.com/723x748', 'Catch as receive until so their life according fight left.', 'Do', '2025-02-12T06:49:44.872140', '2025-02-12T06:49:44.872141');
INSERT INTO banners (id, title, image, description, badge, created_at, updated_at)
        VALUES ('44a4aa12-5fe2-43e0-aa17-79a7def5c610', 'Somebody thought.', 'https://placekitten.com/338/825', 'Suffer break attorney able foreign record chance produce five off.', 'Free', '2025-02-12T06:49:44.872174', '2025-02-12T06:49:44.872176');
INSERT INTO banners (id, title, image, description, badge, created_at, updated_at)
        VALUES ('cdcdb49b-4783-4cc8-85c2-74125cda4d49', 'Customer stuff.', 'https://picsum.photos/759/616', 'Different collection camera very compare religious.', 'List', '2025-02-12T06:49:44.872206', '2025-02-12T06:49:44.872207');
INSERT INTO banners (id, title, image, description, badge, created_at, updated_at)
        VALUES ('ab915bb3-2e20-4ec4-8ff0-d46035eff80d', 'Billion training show.', 'https://dummyimage.com/126x390', 'Four hard change member foreign stage.', 'Reality', '2025-02-12T06:49:44.872243', '2025-02-12T06:49:44.872244');
INSERT INTO banners (id, title, image, description, badge, created_at, updated_at)
        VALUES ('57bc82b3-c1f9-47b0-9398-1b43754a812d', 'Store foot.', 'https://placekitten.com/168/832', 'Resource option without station never part science this professor accept student.', 'Wrong', '2025-02-12T06:49:44.872275', '2025-02-12T06:49:44.872276');
INSERT INTO banners (id, title, image, description, badge, created_at, updated_at)
        VALUES ('1c429cf8-03a5-4ef9-b037-477ec08b2675', 'Sure authority character.', 'https://picsum.photos/715/151', 'Rich drug everybody final able attention Republican heavy through run pretty through.', 'Morning', '2025-02-12T06:49:44.872308', '2025-02-12T06:49:44.872309');
INSERT INTO banners (id, title, image, description, badge, created_at, updated_at)
        VALUES ('f83384f8-d727-4185-9721-032a1d3984c5', 'Song blue.', 'https://picsum.photos/608/773', 'Improve sign lead again animal woman beat daughter cup energy.', 'East', '2025-02-12T06:49:44.872340', '2025-02-12T06:49:44.872342');
INSERT INTO banners (id, title, image, description, badge, created_at, updated_at)
        VALUES ('fe794fd2-c6c7-427b-a894-0383aaabf807', 'Nice on later.', 'https://dummyimage.com/876x743', 'Yet quality avoid plan remember scene increase.', 'Lawyer', '2025-02-12T06:49:44.872372', '2025-02-12T06:49:44.872374');
INSERT INTO banners (id, title, image, description, badge, created_at, updated_at)
        VALUES ('4a75bf70-947c-4638-a90c-4f9dcdc055a3', 'Me stock project.', 'https://placekitten.com/640/923', 'Defense us enjoy forward as thing military stand.', 'Part', '2025-02-12T06:49:44.872403', '2025-02-12T06:49:44.872405');
INSERT INTO banners (id, title, image, description, badge, created_at, updated_at)
        VALUES ('a0d33521-d86b-4b77-bd19-1ffc185b5380', 'Common study minute.', 'https://picsum.photos/956/753', 'Popular view address resource offer trial necessary everybody rather.', 'Admit', '2025-02-12T06:49:44.872435', '2025-02-12T06:49:44.872437');
INSERT INTO categories (id, name, slug, description, created_at, updated_at)
        VALUES ('64232adc-668e-45df-920a-d84c44be98ba', 'Fire', 'fire', 'Call partner production without forward certainly community plant nature either crime somebody firm environmental.', '2025-02-12T06:49:44.872615', '2025-02-12T06:49:44.872734');
INSERT INTO categories (id, name, slug, description, created_at, updated_at)
        VALUES ('ae2cae7c-1193-4e0b-91ac-474fc7f541b2', 'Similar', 'similar', 'Ago too house ahead skin speech southern majority.', '2025-02-12T06:49:44.872797', '2025-02-12T06:49:44.872799');
INSERT INTO categories (id, name, slug, description, created_at, updated_at)
        VALUES ('7c599642-c249-483f-8802-886d12d3434e', 'Quickly', 'quickly', 'Organization like work hundred age improve guy activity trouble.', '2025-02-12T06:49:44.872832', '2025-02-12T06:49:44.872834');
INSERT INTO categories (id, name, slug, description, created_at, updated_at)
        VALUES ('72b0c1be-2c8a-4411-8408-f288677eb2c9', 'Defense', 'defense', 'Check first form debate ball born remember price generation third.', '2025-02-12T06:49:44.872862', '2025-02-12T06:49:44.872863');
INSERT INTO categories (id, name, slug, description, created_at, updated_at)
        VALUES ('fec92753-3f9b-43da-b673-cd7db5dd12b0', 'Thousand', 'thousand', 'Table others write just simple capital level.', '2025-02-12T06:49:44.872890', '2025-02-12T06:49:44.872892');
INSERT INTO categories (id, name, slug, description, created_at, updated_at)
        VALUES ('268befb2-0613-4e5d-a75f-230cfcbfa659', 'Tax', 'tax', 'Suffer always blue space his interesting per full.', '2025-02-12T06:49:44.872934', '2025-02-12T06:49:44.872936');
INSERT INTO categories (id, name, slug, description, created_at, updated_at)
        VALUES ('9b517126-ae61-4780-a48a-5e2849034750', 'Even', 'even', 'Go to ball hold high green recognize amount today.', '2025-02-12T06:49:44.872964', '2025-02-12T06:49:44.872965');
INSERT INTO categories (id, name, slug, description, created_at, updated_at)
        VALUES ('f4e654e1-587d-448f-a1e5-d452678b4c2a', 'Safe', 'safe', 'Movement evidence foot doctor draw quite information all news forget key cut.', '2025-02-12T06:49:44.872991', '2025-02-12T06:49:44.872992');
INSERT INTO categories (id, name, slug, description, created_at, updated_at)
        VALUES ('f99ca2ee-91f1-4a18-90ab-76a0109bb8ea', 'Offer', 'offer', 'Memory TV concern against leave course relate focus meeting.', '2025-02-12T06:49:44.873017', '2025-02-12T06:49:44.873018');
INSERT INTO categories (id, name, slug, description, created_at, updated_at)
        VALUES ('c42ee6a5-3eb6-4b32-8fd9-4ff2a32e608d', 'Determine', 'determine', 'List those feel memory society red.', '2025-02-12T06:49:44.873043', '2025-02-12T06:49:44.873045');
INSERT INTO categories (id, name, slug, description, created_at, updated_at)
        VALUES ('a42d1501-19cc-443f-a00f-b474cef15ed9', 'Wrong', 'wrong', 'Subject meeting explain ball clear bill little once.', '2025-02-12T06:49:44.873071', '2025-02-12T06:49:44.873073');
INSERT INTO categories (id, name, slug, description, created_at, updated_at)
        VALUES ('307f606f-9d4a-444a-8410-72aa4750ddbb', 'Wonder', 'wonder', 'Reduce indeed store between you exist writer job another.', '2025-02-12T06:49:44.873097', '2025-02-12T06:49:44.873099');
INSERT INTO categories (id, name, slug, description, created_at, updated_at)
        VALUES ('790dc080-c09b-4b3f-ba82-07314d536265', 'Team', 'team', 'Resource view begin box price miss likely mind expect place social team vote.', '2025-02-12T06:49:44.873125', '2025-02-12T06:49:44.873126');
INSERT INTO categories (id, name, slug, description, created_at, updated_at)
        VALUES ('38fcafff-6f0a-4bf5-9e96-a678e6d70e90', 'Dark', 'dark', 'Character next few scientist financial somebody really.', '2025-02-12T06:49:44.873150', '2025-02-12T06:49:44.873152');
INSERT INTO categories (id, name, slug, description, created_at, updated_at)
        VALUES ('7188dedc-0f31-430a-8f10-46b02b133099', 'Six', 'six', 'Nothing relationship standard speech teacher major major.', '2025-02-12T06:49:44.873176', '2025-02-12T06:49:44.873177');
INSERT INTO categories (id, name, slug, description, created_at, updated_at)
        VALUES ('65432074-d270-4536-af2b-d5c811bafb9c', 'Really', 'really', 'Pattern laugh just rule sense current garden walk history hand eight decision.', '2025-02-12T06:49:44.873202', '2025-02-12T06:49:44.873204');
INSERT INTO categories (id, name, slug, description, created_at, updated_at)
        VALUES ('0570f6b8-bc0d-4a7d-b09f-48f68b2d36c8', 'Magazine', 'magazine', 'Those sure send fast begin family sport another gun.', '2025-02-12T06:49:44.873229', '2025-02-12T06:49:44.873230');
INSERT INTO categories (id, name, slug, description, created_at, updated_at)
        VALUES ('0f533618-89c4-40f3-8b45-a0bad350b824', 'Understand', 'understand', 'Have policy whatever herself necessary direction cover accept.', '2025-02-12T06:49:44.873257', '2025-02-12T06:49:44.873259');
INSERT INTO categories (id, name, slug, description, created_at, updated_at)
        VALUES ('84416701-5165-4ac6-a9fc-962a85131993', 'Which', 'which', 'To guess camera every arrive sense easy morning.', '2025-02-12T06:49:44.873284', '2025-02-12T06:49:44.873286');
INSERT INTO categories (id, name, slug, description, created_at, updated_at)
        VALUES ('4468a5a2-9277-4fb2-adc7-769ef4e81269', 'Artist', 'artist', 'Reality until care charge doctor professional interesting mother similar occur line near time enough.', '2025-02-12T06:49:44.873312', '2025-02-12T06:49:44.873314');
INSERT INTO categories (id, name, slug, description, created_at, updated_at)
        VALUES ('42afff5a-0b7a-4dcf-9de9-5ccaec5cae4e', 'Step', 'step', 'Pressure give wife people woman talk write others realize nice writer.', '2025-02-12T06:49:44.873338', '2025-02-12T06:49:44.873340');
INSERT INTO categories (id, name, slug, description, created_at, updated_at)
        VALUES ('cd364aec-32f4-4a4e-a1d8-b6cad7702fc1', 'However', 'however', 'Or war chance situation team American.', '2025-02-12T06:49:44.873364', '2025-02-12T06:49:44.873366');
INSERT INTO categories (id, name, slug, description, created_at, updated_at)
        VALUES ('d43b953f-cad5-4557-9280-8c1dc7a8b7c7', 'Work', 'work', 'Chance executive bring available thus organization suddenly goal high face whether.', '2025-02-12T06:49:44.873389', '2025-02-12T06:49:44.873391');
INSERT INTO categories (id, name, slug, description, created_at, updated_at)
        VALUES ('5b00c79b-96b6-42ad-be60-97e58a77bc5a', 'These', 'these', 'Community speech it response money with.', '2025-02-12T06:49:44.873415', '2025-02-12T06:49:44.873417');
INSERT INTO categories (id, name, slug, description, created_at, updated_at)
        VALUES ('f376c9c1-fd7b-493d-ae5f-37f2631fd202', 'From', 'from', 'Rock decide candidate movie however key country central fire wrong later throw nice.', '2025-02-12T06:49:44.873489', '2025-02-12T06:49:44.873491');
INSERT INTO categories (id, name, slug, description, created_at, updated_at)
        VALUES ('704d493f-eef3-4411-a0ab-64be79f5a953', 'Bag', 'bag', 'Food two family day group professor Congress production wall lot.', '2025-02-12T06:49:44.873517', '2025-02-12T06:49:44.873519');
INSERT INTO categories (id, name, slug, description, created_at, updated_at)
        VALUES ('93690478-f4c9-4cc7-94e7-62a4b2847336', 'Light', 'light', 'Five draw budget entire ahead win lay mission.', '2025-02-12T06:49:44.873544', '2025-02-12T06:49:44.873545');
INSERT INTO categories (id, name, slug, description, created_at, updated_at)
        VALUES ('500457f1-3d87-49c5-8bef-ad979b52318a', 'Prove', 'prove', 'Other themselves gas name many this a science.', '2025-02-12T06:49:44.873570', '2025-02-12T06:49:44.873572');
INSERT INTO categories (id, name, slug, description, created_at, updated_at)
        VALUES ('de4d2a88-1bf0-4668-95a7-693842d64565', 'Quality', 'quality', 'Matter before national blood movement down participant us guy lead window law family.', '2025-02-12T06:49:44.873598', '2025-02-12T06:49:44.873600');
INSERT INTO categories (id, name, slug, description, created_at, updated_at)
        VALUES ('b8c42876-2c41-48ea-80a0-d4cf45f0b47d', 'Term', 'term', 'Long mean ever someone writer day price available reason enough kind whatever oil.', '2025-02-12T06:49:44.873626', '2025-02-12T06:49:44.873627');
INSERT INTO products (id, name, slug, price, image, discount, description, tokopedia_link, shopee_link, tiktok_link, category_id, created_at, updated_at)
        VALUES ('f7a1f9d1-f7f3-4baf-9558-b02323eaf843', 'Score.', 'score.', '2982226', 'https://placekitten.com/330/764', 36, 'Democrat firm hotel from else range decide future candidate lose follow former room everything by.', 'https://petty-crawford.com/', 'http://chandler.com/', 'http://www.daniels.com/', '790dc080-c09b-4b3f-ba82-07314d536265', '2025-02-12T06:49:44.874390', '2025-02-12T06:49:44.874565');
INSERT INTO products (id, name, slug, price, image, discount, description, tokopedia_link, shopee_link, tiktok_link, category_id, created_at, updated_at)
        VALUES ('26a328c4-c977-4807-b7c9-f8a789da0acf', 'Last.', 'last.', '2356173', 'https://dummyimage.com/366x714', 21, 'Whether central true mission herself sometimes drug arm recent paper these available interview ask sort notice after entire mouth material someone reason rise second player.', 'https://www.lane-mcclure.com/', 'http://powell.com/', 'https://www.miller-allen.info/', '704d493f-eef3-4411-a0ab-64be79f5a953', '2025-02-12T06:49:44.875068', '2025-02-12T06:49:44.875072');
INSERT INTO products (id, name, slug, price, image, discount, description, tokopedia_link, shopee_link, tiktok_link, category_id, created_at, updated_at)
        VALUES ('ef1eb84f-523c-4e4c-9b57-6403e150ec49', 'His.', 'his.', '3852697', 'https://placekitten.com/438/155', 34, 'Argue safe huge television majority vote animal teacher positive him tend campaign note through our cause hard recently model do common option computer director role easy whatever.', 'https://davis-williams.com/', 'https://murray.com/', 'http://jenkins.com/', 'a42d1501-19cc-443f-a00f-b474cef15ed9', '2025-02-12T06:49:44.875344', '2025-02-12T06:49:44.875347');
INSERT INTO products (id, name, slug, price, image, discount, description, tokopedia_link, shopee_link, tiktok_link, category_id, created_at, updated_at)
        VALUES ('bea8906e-9396-4769-835f-5eab38ac1dfd', 'Teacher.', 'teacher.', '851210', 'https://placekitten.com/694/53', 30, 'Yet report medical as still cover show fact better how according before analysis above tree accept compare policy record game administration indicate everybody.', 'http://cox-casey.biz/', 'http://www.chambers.org/', 'http://davis.com/', '0570f6b8-bc0d-4a7d-b09f-48f68b2d36c8', '2025-02-12T06:49:44.875709', '2025-02-12T06:49:44.875711');
INSERT INTO products (id, name, slug, price, image, discount, description, tokopedia_link, shopee_link, tiktok_link, category_id, created_at, updated_at)
        VALUES ('f9ee4a8c-042d-4c0b-b57f-2d7d75fae0dc', 'Operation.', 'operation.', '6328885', 'https://dummyimage.com/728x847', 49, 'Mr begin Republican popular technology need capital majority themselves from certainly control.', 'http://nelson.net/', 'http://long-hart.org/', 'http://thomas.com/', '42afff5a-0b7a-4dcf-9de9-5ccaec5cae4e', '2025-02-12T06:49:44.876163', '2025-02-12T06:49:44.876166');
INSERT INTO products (id, name, slug, price, image, discount, description, tokopedia_link, shopee_link, tiktok_link, category_id, created_at, updated_at)
        VALUES ('4f65c2ee-8f59-490a-b011-e58303b225a9', 'Make.', 'make.', '8761673', 'https://placekitten.com/699/26', 13, 'Often suffer situation new shake or letter too team suddenly college himself show know later answer company relationship small five sign decide them international.', 'http://www.sullivan-terry.net/', 'https://www.hall.com/', 'http://www.jones.net/', '268befb2-0613-4e5d-a75f-230cfcbfa659', '2025-02-12T06:49:44.876428', '2025-02-12T06:49:44.876431');
INSERT INTO products (id, name, slug, price, image, discount, description, tokopedia_link, shopee_link, tiktok_link, category_id, created_at, updated_at)
        VALUES ('2a361015-b1c9-40ff-9218-1a9bdc4d2d9e', 'Deep.', 'deep.', '4422416', 'https://picsum.photos/143/239', 0, 'Between scientist technology player PM ten long poor check far arrive remain science around catch attack structure central manage design research single shake.', 'http://copeland.com/', 'http://tucker.com/', 'http://www.johnson.com/', 'f376c9c1-fd7b-493d-ae5f-37f2631fd202', '2025-02-12T06:49:44.876847', '2025-02-12T06:49:44.876851');
INSERT INTO products (id, name, slug, price, image, discount, description, tokopedia_link, shopee_link, tiktok_link, category_id, created_at, updated_at)
        VALUES ('2944f498-4d14-4b49-b62a-b97c8c456105', 'Themselves.', 'themselves.', '3519027', 'https://dummyimage.com/265x1018', 50, 'Show source painting leader participant arrive employee cause strong go else heavy your wish under current study country whose.', 'http://jackson-mendez.com/', 'http://grant-moyer.com/', 'https://walker.com/', '84416701-5165-4ac6-a9fc-962a85131993', '2025-02-12T06:49:44.877262', '2025-02-12T06:49:44.877265');
INSERT INTO products (id, name, slug, price, image, discount, description, tokopedia_link, shopee_link, tiktok_link, category_id, created_at, updated_at)
        VALUES ('c23b73be-02a0-4d45-a69e-aac6555c7abd', 'Cold this.', 'cold-this.', '7168787', 'https://picsum.photos/27/453', 0, 'Smile draw range style reality two like city sort environment behavior perhaps yeah again.', 'http://hudson.com/', 'https://www.diaz-powell.com/', 'http://www.brewer.com/', '7c599642-c249-483f-8802-886d12d3434e', '2025-02-12T06:49:44.877625', '2025-02-12T06:49:44.877628');
INSERT INTO products (id, name, slug, price, image, discount, description, tokopedia_link, shopee_link, tiktok_link, category_id, created_at, updated_at)
        VALUES ('78ca0b0a-dd36-452e-b68e-b1416fbe0ac9', 'Project employee.', 'project-employee.', '3851440', 'https://dummyimage.com/307x269', 19, 'Too we as science field fall against may himself will claim community lead house security factor democratic that from produce image unit but week.', 'https://www.wright.biz/', 'https://www.ortiz.com/', 'http://branch-jackson.com/', '5b00c79b-96b6-42ad-be60-97e58a77bc5a', '2025-02-12T06:49:44.877984', '2025-02-12T06:49:44.877986');
INSERT INTO products (id, name, slug, price, image, discount, description, tokopedia_link, shopee_link, tiktok_link, category_id, created_at, updated_at)
        VALUES ('27f09f7c-3edd-4ff7-8458-fc15a44a7634', 'Whose.', 'whose.', '7656850', 'https://dummyimage.com/626x950', 5, 'Economic now might long often item with too by success our base else station agree free all.', 'http://brown.com/', 'http://www.watson.org/', 'http://douglas-barnes.net/', '4468a5a2-9277-4fb2-adc7-769ef4e81269', '2025-02-12T06:49:44.878437', '2025-02-12T06:49:44.878440');
INSERT INTO products (id, name, slug, price, image, discount, description, tokopedia_link, shopee_link, tiktok_link, category_id, created_at, updated_at)
        VALUES ('2eaeb497-b48d-459d-8611-5d91a7d8b8b3', 'Experience citizen.', 'experience-citizen.', '8570012', 'https://dummyimage.com/516x814', 19, 'Officer fill happen eat from important herself expect small agreement smile buy table agency address activity present.', 'http://www.ramos.com/', 'http://www.thomas.net/', 'http://www.morris.com/', '704d493f-eef3-4411-a0ab-64be79f5a953', '2025-02-12T06:49:44.878858', '2025-02-12T06:49:44.878860');
INSERT INTO products (id, name, slug, price, image, discount, description, tokopedia_link, shopee_link, tiktok_link, category_id, created_at, updated_at)
        VALUES ('edffb631-17ea-4fe0-a126-903b56f098eb', 'Strategy.', 'strategy.', '622283', 'https://picsum.photos/182/577', 1, 'Cut really whether admit worry question capital site believe almost almost responsibility attorney seat game party continue.', 'https://duncan-hernandez.org/', 'http://ramirez.com/', 'http://www.klein.info/', 'f4e654e1-587d-448f-a1e5-d452678b4c2a', '2025-02-12T06:49:44.879135', '2025-02-12T06:49:44.879137');
INSERT INTO products (id, name, slug, price, image, discount, description, tokopedia_link, shopee_link, tiktok_link, category_id, created_at, updated_at)
        VALUES ('79360fe0-4746-4767-9a4d-8f4b3b50fb74', 'Yourself.', 'yourself.', '9053889', 'https://dummyimage.com/224x952', 20, 'List feeling morning than hit training should claim religious understand everybody thousand beyond improve as national help employee speech husband return.', 'https://www.johnson.com/', 'https://www.west.org/', 'http://mercado-norris.com/', 'c42ee6a5-3eb6-4b32-8fd9-4ff2a32e608d', '2025-02-12T06:49:44.879625', '2025-02-12T06:49:44.879630');
INSERT INTO products (id, name, slug, price, image, discount, description, tokopedia_link, shopee_link, tiktok_link, category_id, created_at, updated_at)
        VALUES ('f818e19b-e21a-43ad-a870-2f1113071644', 'Issue.', 'issue.', '6341550', 'https://picsum.photos/405/960', 12, 'Stuff alone owner too red development tree recently sort tax you south through teach tree sound my inside shake this local still now management stay rich.', 'http://www.schneider.org/', 'http://www.rivera.com/', 'https://www.baker.com/', '7188dedc-0f31-430a-8f10-46b02b133099', '2025-02-12T06:49:44.880162', '2025-02-12T06:49:44.880167');
INSERT INTO products (id, name, slug, price, image, discount, description, tokopedia_link, shopee_link, tiktok_link, category_id, created_at, updated_at)
        VALUES ('dcd0a10d-e56c-4fa2-9222-a2e20527086e', 'The star.', 'the-star.', '138541', 'https://placekitten.com/455/331', 45, 'Whom stand expert role sure represent relationship available only probably little into need us her so different west wonder game.', 'http://gillespie.com/', 'https://www.crawford.com/', 'http://hernandez-silva.net/', 'b8c42876-2c41-48ea-80a0-d4cf45f0b47d', '2025-02-12T06:49:44.880555', '2025-02-12T06:49:44.880558');
INSERT INTO products (id, name, slug, price, image, discount, description, tokopedia_link, shopee_link, tiktok_link, category_id, created_at, updated_at)
        VALUES ('feca8c70-20b7-4696-95b0-45416cd34181', 'Area system.', 'area-system.', '9344623', 'https://dummyimage.com/140x221', 26, 'Tend include far force beyond Congress economy lead test people find music minute sense decide not possible.', 'http://smith.info/', 'https://jacobs.com/', 'http://lozano-baldwin.net/', 'fec92753-3f9b-43da-b673-cd7db5dd12b0', '2025-02-12T06:49:44.880918', '2025-02-12T06:49:44.880920');
INSERT INTO products (id, name, slug, price, image, discount, description, tokopedia_link, shopee_link, tiktok_link, category_id, created_at, updated_at)
        VALUES ('0a476186-2bb4-469d-843a-0f5f366df0fc', 'Conference recent.', 'conference-recent.', '6902191', 'https://dummyimage.com/764x309', 34, 'Support business meet ten us care no amount off remain compare world discover stop drop.', 'https://solis.com/', 'https://www.mason.net/', 'https://gray-bailey.com/', '84416701-5165-4ac6-a9fc-962a85131993', '2025-02-12T06:49:44.881419', '2025-02-12T06:49:44.881424');
INSERT INTO products (id, name, slug, price, image, discount, description, tokopedia_link, shopee_link, tiktok_link, category_id, created_at, updated_at)
        VALUES ('4e28f2a6-85ed-43f3-aa50-9d1f9765da08', 'Like.', 'like.', '9452486', 'https://dummyimage.com/962x750', 27, 'Long child when treatment game store ready family lawyer to up special.', 'http://www.hill.com/', 'http://www.payne.net/', 'https://www.woods.net/', '268befb2-0613-4e5d-a75f-230cfcbfa659', '2025-02-12T06:49:44.881672', '2025-02-12T06:49:44.881675');
INSERT INTO products (id, name, slug, price, image, discount, description, tokopedia_link, shopee_link, tiktok_link, category_id, created_at, updated_at)
        VALUES ('ff490ab0-924d-4815-a310-0a664d23f378', 'Increase around.', 'increase-around.', '1763904', 'https://picsum.photos/53/877', 31, 'Same future owner free place why democratic claim perhaps debate make fast.', 'http://garcia.biz/', 'https://www.riggs.com/', 'https://www.scott.biz/', '84416701-5165-4ac6-a9fc-962a85131993', '2025-02-12T06:49:44.881993', '2025-02-12T06:49:44.881996');
INSERT INTO products (id, name, slug, price, image, discount, description, tokopedia_link, shopee_link, tiktok_link, category_id, created_at, updated_at)
        VALUES ('e20568e7-c715-47f7-b7eb-00e4af6c95ed', 'Painting cost.', 'painting-cost.', '7171921', 'https://dummyimage.com/549x1019', 50, 'Between usually road speech course account offer whole foreign fish fall modern boy use community race cut range assume when either artist blood.', 'https://novak.com/', 'https://www.humphrey-adams.biz/', 'http://www.shaw.info/', 'f4e654e1-587d-448f-a1e5-d452678b4c2a', '2025-02-12T06:49:44.882333', '2025-02-12T06:49:44.882338');
INSERT INTO products (id, name, slug, price, image, discount, description, tokopedia_link, shopee_link, tiktok_link, category_id, created_at, updated_at)
        VALUES ('1db6d6ad-60ef-4795-9ee4-09586884ed74', 'Sound.', 'sound.', '5780023', 'https://dummyimage.com/365x276', 7, 'Activity customer morning both police else manage authority arrive while call girl.', 'http://ibarra.com/', 'https://www.cook.com/', 'http://www.peterson.com/', '0f533618-89c4-40f3-8b45-a0bad350b824', '2025-02-12T06:49:44.882860', '2025-02-12T06:49:44.882863');
INSERT INTO products (id, name, slug, price, image, discount, description, tokopedia_link, shopee_link, tiktok_link, category_id, created_at, updated_at)
        VALUES ('e6d1ea68-efd9-46fd-a69b-48165cc866ae', 'Career.', 'career.', '9630589', 'https://placekitten.com/142/604', 22, 'Book live whatever film story up teacher course success deep major cup effect degree close such she standard guy here accept baby.', 'https://simon.com/', 'http://mitchell-turner.net/', 'http://davis-martinez.com/', '9b517126-ae61-4780-a48a-5e2849034750', '2025-02-12T06:49:44.883322', '2025-02-12T06:49:44.883327');
INSERT INTO products (id, name, slug, price, image, discount, description, tokopedia_link, shopee_link, tiktok_link, category_id, created_at, updated_at)
        VALUES ('9d3f03e0-70ec-422b-97b4-6ff7ce8f10ed', 'On news.', 'on-news.', '5248840', 'https://placekitten.com/402/987', 34, 'Effect direction improve early receive hit rather prove know early boy charge assume success author brother care.', 'http://stone.com/', 'https://glenn.net/', 'https://odonnell.biz/', 'f99ca2ee-91f1-4a18-90ab-76a0109bb8ea', '2025-02-12T06:49:44.883833', '2025-02-12T06:49:44.883836');
INSERT INTO products (id, name, slug, price, image, discount, description, tokopedia_link, shopee_link, tiktok_link, category_id, created_at, updated_at)
        VALUES ('966fd30b-3c95-42db-851c-783d27f18638', 'Television.', 'television.', '8360163', 'https://placekitten.com/164/188', 23, 'Indicate interest center officer how and worry so investment today still about far cup beyond avoid history.', 'https://www.bryan.biz/', 'https://www.powell.com/', 'http://castro.com/', '4468a5a2-9277-4fb2-adc7-769ef4e81269', '2025-02-12T06:49:44.884063', '2025-02-12T06:49:44.884066');
INSERT INTO products (id, name, slug, price, image, discount, description, tokopedia_link, shopee_link, tiktok_link, category_id, created_at, updated_at)
        VALUES ('569235f9-631e-4040-b063-3054dec41426', 'Consider.', 'consider.', '5127302', 'https://dummyimage.com/301x742', 25, 'Fall score suggest serious animal control night child wonder age inside more high continue vote including not institution above under argue item.', 'https://www.fisher.com/', 'https://www.miller.com/', 'https://stein-frederick.org/', '65432074-d270-4536-af2b-d5c811bafb9c', '2025-02-12T06:49:44.884509', '2025-02-12T06:49:44.884512');
INSERT INTO products (id, name, slug, price, image, discount, description, tokopedia_link, shopee_link, tiktok_link, category_id, created_at, updated_at)
        VALUES ('dfff9350-749f-4b53-a6cf-6eaa6d9c96ae', 'Word story.', 'word-story.', '6369102', 'https://dummyimage.com/390x236', 5, 'Kitchen either attorney yeah president source child law morning coach clear end conference hear budget great agent at wear address enjoy drop four project serious.', 'http://www.carroll.info/', 'http://www.garcia.org/', 'http://smith.info/', '790dc080-c09b-4b3f-ba82-07314d536265', '2025-02-12T06:49:44.884735', '2025-02-12T06:49:44.884738');
INSERT INTO products (id, name, slug, price, image, discount, description, tokopedia_link, shopee_link, tiktok_link, category_id, created_at, updated_at)
        VALUES ('300848de-c869-4ca8-b185-2de64410d9a3', 'Course home.', 'course-home.', '2393936', 'https://picsum.photos/868/412', 21, 'Suggest thank city start food smile this else response bit voice financial cost individual song visit civil report institution understand bed according remain.', 'http://www.moran-contreras.net/', 'http://www.medina.com/', 'https://osborne.info/', '93690478-f4c9-4cc7-94e7-62a4b2847336', '2025-02-12T06:49:44.885009', '2025-02-12T06:49:44.885012');
INSERT INTO products (id, name, slug, price, image, discount, description, tokopedia_link, shopee_link, tiktok_link, category_id, created_at, updated_at)
        VALUES ('91f4b608-4227-41e1-b5b4-1443d6cf36aa', 'Lot able.', 'lot-able.', '1285811', 'https://picsum.photos/349/1010', 45, 'Painting set lot inside list forward expert research company wall cause heart south ahead she about miss finish more.', 'http://www.walker-ortiz.biz/', 'https://www.perez.biz/', 'http://griffin.com/', 'b8c42876-2c41-48ea-80a0-d4cf45f0b47d', '2025-02-12T06:49:44.885366', '2025-02-12T06:49:44.885369');
INSERT INTO products (id, name, slug, price, image, discount, description, tokopedia_link, shopee_link, tiktok_link, category_id, created_at, updated_at)
        VALUES ('9afe42a9-a1c6-491c-aca0-ef04eef91e92', 'Produce.', 'produce.', '1716906', 'https://placekitten.com/496/601', 29, 'Develop school return treat I rock its all item guy rock point energy remember case discover another.', 'https://www.mclean-jefferson.com/', 'https://www.murray-krause.com/', 'https://www.todd.com/', '72b0c1be-2c8a-4411-8408-f288677eb2c9', '2025-02-12T06:49:44.885688', '2025-02-12T06:49:44.885691');
INSERT INTO products (id, name, slug, price, image, discount, description, tokopedia_link, shopee_link, tiktok_link, category_id, created_at, updated_at)
        VALUES ('d9998208-4109-4941-9f69-43607457de50', 'Culture everyone.', 'culture-everyone.', '8312238', 'https://dummyimage.com/42x801', 13, 'Audience special war simple kind country meeting production international local continue eat no skill.', 'http://www.young-gibson.info/', 'http://irwin.com/', 'https://www.stevenson-burns.biz/', 'b8c42876-2c41-48ea-80a0-d4cf45f0b47d', '2025-02-12T06:49:44.886128', '2025-02-12T06:49:44.886131');
INSERT INTO products (id, name, slug, price, image, discount, description, tokopedia_link, shopee_link, tiktok_link, category_id, created_at, updated_at)
        VALUES ('1c398aff-85cf-41be-89b8-cb10c4aa1893', 'His camera.', 'his-camera.', '3053907', 'https://picsum.photos/72/957', 42, 'Strong case outside summer alone themselves alone staff left where thus certainly college decision charge effort easy month here military form night.', 'http://graves.biz/', 'http://lopez-hull.com/', 'https://www.nolan-blanchard.biz/', '7188dedc-0f31-430a-8f10-46b02b133099', '2025-02-12T06:49:44.886511', '2025-02-12T06:49:44.886516');
INSERT INTO products (id, name, slug, price, image, discount, description, tokopedia_link, shopee_link, tiktok_link, category_id, created_at, updated_at)
        VALUES ('b7bc630c-3560-48b0-90dc-c5b3de74660d', 'Fish.', 'fish.', '5117331', 'https://placekitten.com/794/182', 46, 'Southern their part bag military indicate two admit feeling structure always statement ground he could east might discover ten nor power.', 'https://www.huber.com/', 'http://jenkins-jones.com/', 'http://www.parks.net/', '5b00c79b-96b6-42ad-be60-97e58a77bc5a', '2025-02-12T06:49:44.887003', '2025-02-12T06:49:44.887006');
INSERT INTO products (id, name, slug, price, image, discount, description, tokopedia_link, shopee_link, tiktok_link, category_id, created_at, updated_at)
        VALUES ('6ed55daa-ed19-44bb-82ea-a1b04c500884', 'Those by.', 'those-by.', '3251874', 'https://dummyimage.com/535x95', 12, 'Lot cell actually but forget character drive charge however opportunity better institution relate street season high night specific give act face computer certain more few continue area.', 'https://www.edwards.com/', 'http://www.macdonald.com/', 'https://www.johnson.biz/', 'a42d1501-19cc-443f-a00f-b474cef15ed9', '2025-02-12T06:49:44.887389', '2025-02-12T06:49:44.887394');
INSERT INTO products (id, name, slug, price, image, discount, description, tokopedia_link, shopee_link, tiktok_link, category_id, created_at, updated_at)
        VALUES ('6476dec0-3139-4d09-a323-f68a65619534', 'Budget special.', 'budget-special.', '3259743', 'https://picsum.photos/537/47', 0, 'Process budget teacher help it four sell before here up thousand allow exactly.', 'https://harris.org/', 'http://walters.net/', 'http://acosta.com/', 'c42ee6a5-3eb6-4b32-8fd9-4ff2a32e608d', '2025-02-12T06:49:44.887865', '2025-02-12T06:49:44.887868');
INSERT INTO products (id, name, slug, price, image, discount, description, tokopedia_link, shopee_link, tiktok_link, category_id, created_at, updated_at)
        VALUES ('e2bf8e45-4c2d-4a67-a9e5-a41fdfd38c17', 'Break air.', 'break-air.', '5750272', 'https://placekitten.com/76/877', 18, 'Bit table tend blood out society mission speech wife coach stage good account again meeting senior political respond pretty tell.', 'http://sandoval.com/', 'http://www.ryan-ross.org/', 'https://www.rubio.com/', 'f4e654e1-587d-448f-a1e5-d452678b4c2a', '2025-02-12T06:49:44.888236', '2025-02-12T06:49:44.888238');
INSERT INTO products (id, name, slug, price, image, discount, description, tokopedia_link, shopee_link, tiktok_link, category_id, created_at, updated_at)
        VALUES ('b159371f-243d-40c7-b211-daba2e4f7f84', 'Hear.', 'hear.', '6427955', 'https://picsum.photos/302/354', 45, 'Be serve even add black determine sometimes president heart eight term right.', 'http://evans.com/', 'http://baxter-warren.com/', 'http://copeland-sanders.com/', 'a42d1501-19cc-443f-a00f-b474cef15ed9', '2025-02-12T06:49:44.888560', '2025-02-12T06:49:44.888562');
INSERT INTO products (id, name, slug, price, image, discount, description, tokopedia_link, shopee_link, tiktok_link, category_id, created_at, updated_at)
        VALUES ('397fd337-0c58-4954-b3f0-de3eb94a7183', 'Kind.', 'kind.', '8702081', 'https://picsum.photos/658/587', 43, 'Less this kind thank lawyer rest story important month stock produce analysis brother huge step sport operation bank group ever where value government any trial.', 'https://brown.biz/', 'https://ellis.com/', 'https://www.howard-cooper.biz/', 'c42ee6a5-3eb6-4b32-8fd9-4ff2a32e608d', '2025-02-12T06:49:44.889069', '2025-02-12T06:49:44.889073');
INSERT INTO products (id, name, slug, price, image, discount, description, tokopedia_link, shopee_link, tiktok_link, category_id, created_at, updated_at)
        VALUES ('46d99a86-28b2-48ce-a316-4287aa025bde', 'Turn establish.', 'turn-establish.', '488636', 'https://dummyimage.com/689x366', 11, 'Color pick wonder rock itself thought back this material improve free up role nor through at administration though certain way agency we too science dream drop media defense.', 'https://elliott.com/', 'https://www.donaldson.org/', 'http://sosa.com/', '9b517126-ae61-4780-a48a-5e2849034750', '2025-02-12T06:49:44.889527', '2025-02-12T06:49:44.889530');
INSERT INTO products (id, name, slug, price, image, discount, description, tokopedia_link, shopee_link, tiktok_link, category_id, created_at, updated_at)
        VALUES ('c95b096e-66d1-40c2-b2a6-2822088d175d', 'Writer.', 'writer.', '8270838', 'https://dummyimage.com/441x784', 29, 'Great anything special property light offer science rather care other change nothing son service black general sometimes president alone can girl imagine right history.', 'http://www.white.info/', 'https://www.cohen.com/', 'http://www.willis.org/', '307f606f-9d4a-444a-8410-72aa4750ddbb', '2025-02-12T06:49:44.889952', '2025-02-12T06:49:44.889955');
INSERT INTO products (id, name, slug, price, image, discount, description, tokopedia_link, shopee_link, tiktok_link, category_id, created_at, updated_at)
        VALUES ('b4516c61-36fd-4a7e-b540-be8010a3a3df', 'Receive.', 'receive.', '1301755', 'https://dummyimage.com/308x525', 45, 'Majority their yet away news data which especially hear leader sit above degree player star call.', 'https://floyd-velasquez.com/', 'https://www.allen-campbell.org/', 'http://reed-scott.info/', '65432074-d270-4536-af2b-d5c811bafb9c', '2025-02-12T06:49:44.890321', '2025-02-12T06:49:44.890323');
INSERT INTO products (id, name, slug, price, image, discount, description, tokopedia_link, shopee_link, tiktok_link, category_id, created_at, updated_at)
        VALUES ('a5aba8a8-ea9d-4b30-aafb-57f4ee2ac027', 'Article.', 'article.', '1707524', 'https://picsum.photos/31/408', 48, 'Marriage business sense responsibility although defense talk I mother others able role challenge receive consumer.', 'http://www.mcclain-cox.com/', 'http://www.scott.com/', 'https://www.burns.com/', '42afff5a-0b7a-4dcf-9de9-5ccaec5cae4e', '2025-02-12T06:49:44.890594', '2025-02-12T06:49:44.890597');
INSERT INTO products (id, name, slug, price, image, discount, description, tokopedia_link, shopee_link, tiktok_link, category_id, created_at, updated_at)
        VALUES ('99139c73-adba-4469-a072-efc5435853f6', 'Newspaper.', 'newspaper.', '8250532', 'https://dummyimage.com/209x30', 50, 'Despite question including future Congress challenge for radio discussion term well discussion.', 'https://www.powers.org/', 'https://lyons-wu.com/', 'https://www.jacobs.info/', '0570f6b8-bc0d-4a7d-b09f-48f68b2d36c8', '2025-02-12T06:49:44.890859', '2025-02-12T06:49:44.890861');
INSERT INTO products (id, name, slug, price, image, discount, description, tokopedia_link, shopee_link, tiktok_link, category_id, created_at, updated_at)
        VALUES ('b8af8f86-501e-417a-938c-5bd35d490188', 'Artist chance.', 'artist-chance.', '7681599', 'https://picsum.photos/863/467', 46, 'Far consider condition us fly authority glass letter if design decision everything prepare because future exactly heart with herself political argue physical let state full finish necessary.', 'http://gonzalez.com/', 'https://www.snyder.net/', 'https://rojas.net/', 'f4e654e1-587d-448f-a1e5-d452678b4c2a', '2025-02-12T06:49:44.891164', '2025-02-12T06:49:44.891167');
INSERT INTO products (id, name, slug, price, image, discount, description, tokopedia_link, shopee_link, tiktok_link, category_id, created_at, updated_at)
        VALUES ('cb59bea3-0ff8-4e7b-ae70-d5e5f17a679f', 'Community.', 'community.', '3002400', 'https://dummyimage.com/427x513', 36, 'Expert tend left resource security part out her paper difference conference call ok between country rule recent story can cover much ball read single.', 'https://www.west.org/', 'http://www.hill.biz/', 'http://www.may-oneill.com/', 'a42d1501-19cc-443f-a00f-b474cef15ed9', '2025-02-12T06:49:44.891614', '2025-02-12T06:49:44.891617');
INSERT INTO products (id, name, slug, price, image, discount, description, tokopedia_link, shopee_link, tiktok_link, category_id, created_at, updated_at)
        VALUES ('aaa916f3-ad99-4488-97f6-b57c4388dcbd', 'Response tough.', 'response-tough.', '4930836', 'https://placekitten.com/212/613', 49, 'Tend left involve himself dog itself itself several yet up state accept create speech born short court Democrat you all third late rock.', 'https://www.guzman.biz/', 'https://greene-parker.org/', 'https://perez.org/', '9b517126-ae61-4780-a48a-5e2849034750', '2025-02-12T06:49:44.892066', '2025-02-12T06:49:44.892069');
INSERT INTO products (id, name, slug, price, image, discount, description, tokopedia_link, shopee_link, tiktok_link, category_id, created_at, updated_at)
        VALUES ('e3a58b18-3f57-458a-8b3a-c7227f2ea07b', 'Father.', 'father.', '6740961', 'https://picsum.photos/838/1020', 1, 'Start lose probably remain hold magazine early research miss edge behind agent into expert team eat shake serious blood this outside half task large hand.', 'https://www.barnett.com/', 'http://www.sanders.biz/', 'http://www.norris.net/', '5b00c79b-96b6-42ad-be60-97e58a77bc5a', '2025-02-12T06:49:44.892293', '2025-02-12T06:49:44.892295');
INSERT INTO products (id, name, slug, price, image, discount, description, tokopedia_link, shopee_link, tiktok_link, category_id, created_at, updated_at)
        VALUES ('99f0e46f-3bce-4631-b38b-a28acadfd5c7', 'Unit.', 'unit.', '1372454', 'https://picsum.photos/4/65', 42, 'Quickly involve sure clearly firm even enough suddenly create win dog tree seem pull thank skin land.', 'http://www.allen.com/', 'http://www.gonzalez.org/', 'https://figueroa.com/', 'ae2cae7c-1193-4e0b-91ac-474fc7f541b2', '2025-02-12T06:49:44.892594', '2025-02-12T06:49:44.892597');
INSERT INTO products (id, name, slug, price, image, discount, description, tokopedia_link, shopee_link, tiktok_link, category_id, created_at, updated_at)
        VALUES ('dc701d8a-3e3f-405a-b18b-45e4e0f9d33c', 'Fall add.', 'fall-add.', '8696554', 'https://dummyimage.com/905x187', 35, 'Seven enough left lead politics TV camera national realize treat cell paper stock executive wife true training carry know we thought full.', 'https://richardson.net/', 'https://lawrence-lowe.com/', 'https://www.valenzuela.com/', '93690478-f4c9-4cc7-94e7-62a4b2847336', '2025-02-12T06:49:44.893035', '2025-02-12T06:49:44.893038');
INSERT INTO products (id, name, slug, price, image, discount, description, tokopedia_link, shopee_link, tiktok_link, category_id, created_at, updated_at)
        VALUES ('8ce391c7-f22d-4016-9a84-0db49d9c7e7b', 'Agree.', 'agree.', '2001644', 'https://placekitten.com/481/829', 39, 'Heart hundred floor billion whatever week president note national believe fall their give quality result TV.', 'https://www.morton-nguyen.com/', 'https://www.burnett.com/', 'https://mccoy-lopez.biz/', 'cd364aec-32f4-4a4e-a1d8-b6cad7702fc1', '2025-02-12T06:49:44.893346', '2025-02-12T06:49:44.893349');
INSERT INTO products (id, name, slug, price, image, discount, description, tokopedia_link, shopee_link, tiktok_link, category_id, created_at, updated_at)
        VALUES ('6c65c7b6-a9be-4bc8-b726-6a3754881f71', 'Myself.', 'myself.', '6975530', 'https://picsum.photos/849/17', 33, 'Wonder better people week usually if relate one increase election away my personal general open meeting start professional issue heart always street everybody project hope woman.', 'http://erickson.com/', 'http://garcia.biz/', 'https://www.carlson-duffy.com/', '42afff5a-0b7a-4dcf-9de9-5ccaec5cae4e', '2025-02-12T06:49:44.893692', '2025-02-12T06:49:44.893694');
INSERT INTO products (id, name, slug, price, image, discount, description, tokopedia_link, shopee_link, tiktok_link, category_id, created_at, updated_at)
        VALUES ('7569162d-a1ce-4965-bf39-e729058f0de3', 'City.', 'city.', '4102802', 'https://picsum.photos/639/393', 38, 'Old organization few how art there sort make room alone purpose actually often modern personal society quite away else may up five fill no community indeed.', 'http://martinez.com/', 'http://price.com/', 'https://lara.net/', '0570f6b8-bc0d-4a7d-b09f-48f68b2d36c8', '2025-02-12T06:49:44.893924', '2025-02-12T06:49:44.893926');
INSERT INTO products (id, name, slug, price, image, discount, description, tokopedia_link, shopee_link, tiktok_link, category_id, created_at, updated_at)
        VALUES ('7fee9a74-ac5f-43c0-9a7a-53d80c30d90f', 'Visit.', 'visit.', '910002', 'https://dummyimage.com/971x914', 40, 'Any according camera adult defense agreement everybody hear discussion admit process white my difficult around look challenge yard the.', 'https://www.jennings.com/', 'http://www.garcia.biz/', 'http://banks.info/', 'b8c42876-2c41-48ea-80a0-d4cf45f0b47d', '2025-02-12T06:49:44.894142', '2025-02-12T06:49:44.894144');
INSERT INTO products (id, name, slug, price, image, discount, description, tokopedia_link, shopee_link, tiktok_link, category_id, created_at, updated_at)
        VALUES ('14f19794-277f-497a-bea1-79d6ae941813', 'Represent.', 'represent.', '2099839', 'https://dummyimage.com/131x904', 18, 'Interview present professional any city class interview contain represent writer should husband.', 'https://www.joseph.org/', 'https://jenkins.com/', 'https://www.hunt-cummings.com/', 'de4d2a88-1bf0-4668-95a7-693842d64565', '2025-02-12T06:49:44.894412', '2025-02-12T06:49:44.894414');
INSERT INTO products (id, name, slug, price, image, discount, description, tokopedia_link, shopee_link, tiktok_link, category_id, created_at, updated_at)
        VALUES ('eff8dd46-19e5-4390-80f1-c1e88c18fead', 'Stay next.', 'stay-next.', '8061439', 'https://placekitten.com/835/79', 16, 'Player difference other per describe up state technology price same central down all suddenly huge mind full theory write.', 'https://www.meyer.com/', 'http://www.mccoy.com/', 'http://mitchell-kelly.com/', '0f533618-89c4-40f3-8b45-a0bad350b824', '2025-02-12T06:49:44.894781', '2025-02-12T06:49:44.894785');
INSERT INTO products (id, name, slug, price, image, discount, description, tokopedia_link, shopee_link, tiktok_link, category_id, created_at, updated_at)
        VALUES ('963b9952-b2f4-42bd-bd03-704a121a75da', 'Institution.', 'institution.', '9743703', 'https://dummyimage.com/123x103', 40, 'Likely hear southern house measure expert from father them film time miss maybe think commercial read arrive article hotel expect listen amount.', 'http://www.johnson-rivera.info/', 'http://www.smith-booker.com/', 'http://www.garrison.com/', '7188dedc-0f31-430a-8f10-46b02b133099', '2025-02-12T06:49:44.895412', '2025-02-12T06:49:44.895419');
INSERT INTO products (id, name, slug, price, image, discount, description, tokopedia_link, shopee_link, tiktok_link, category_id, created_at, updated_at)
        VALUES ('ba6bea21-4fad-4251-bb04-be8c4dada4ee', 'Investment trial.', 'investment-trial.', '3505538', 'https://placekitten.com/342/488', 43, 'Charge third heart medical possible bar off start song which wind why card peace.', 'http://www.ho.com/', 'https://gonzalez-short.info/', 'http://www.saunders-nunez.info/', 'cd364aec-32f4-4a4e-a1d8-b6cad7702fc1', '2025-02-12T06:49:44.895882', '2025-02-12T06:49:44.895886');
INSERT INTO products (id, name, slug, price, image, discount, description, tokopedia_link, shopee_link, tiktok_link, category_id, created_at, updated_at)
        VALUES ('ce9bb6a8-b620-4230-a6f7-88bc50dbc968', 'Able wear.', 'able-wear.', '3098793', 'https://picsum.photos/299/215', 48, 'Decision especially more discussion structure light system his recognize never teach pull act contain people population total sort land station civil election set out family.', 'https://www.valentine.net/', 'http://www.brock.com/', 'https://wright.info/', 'f99ca2ee-91f1-4a18-90ab-76a0109bb8ea', '2025-02-12T06:49:44.896297', '2025-02-12T06:49:44.896300');
INSERT INTO products (id, name, slug, price, image, discount, description, tokopedia_link, shopee_link, tiktok_link, category_id, created_at, updated_at)
        VALUES ('cda32e90-687d-409d-aecf-ee3459438bd2', 'Father federal.', 'father-federal.', '1057785', 'https://picsum.photos/691/960', 12, 'Through return friend go mission while fight item pull administration cut minute strong hotel wrong should current small oil.', 'https://taylor.org/', 'http://johnson-wilkerson.com/', 'https://www.russell.org/', '0f533618-89c4-40f3-8b45-a0bad350b824', '2025-02-12T06:49:44.896669', '2025-02-12T06:49:44.896672');
INSERT INTO products (id, name, slug, price, image, discount, description, tokopedia_link, shopee_link, tiktok_link, category_id, created_at, updated_at)
        VALUES ('bb119368-a31d-4fe2-a3a9-1f0debb1823a', 'West.', 'west.', '4099871', 'https://dummyimage.com/809x1016', 40, 'Foreign discussion go threat though a quality sign collection check health police phone war dream admit follow ahead expert American sort before.', 'http://www.thompson-johnson.com/', 'https://www.hill-wallace.com/', 'https://thomas.com/', 'f99ca2ee-91f1-4a18-90ab-76a0109bb8ea', '2025-02-12T06:49:44.896998', '2025-02-12T06:49:44.897001');